{
  "_comments": "Правила для жеста one_shot",
  "action": "one_shot",
  "constants": [
    {
      "name": "frame",
      "value": {
        "front_camera": 0.75,
        "rear_camera": 0.55
      }
    },
    {
      "name": "height_factor",
      "value": 1.6
    },
    {
      "name": "y_factor",
      "value": 0.175
    }
  ],
  "callbacks": [
    "message",
    "delete_if_no_face",
    "flare_if_no_face_and_dark",
    "start_capture",
    "save_last_frame",
    "gesture_success",
    "return_saved_frame",
    "check_gesture",
    "if_time_limit_return_saved_frame"
  ],
  "stages": {
    "start": {
      "union_operation": "or",
      "rules": [
        {
          "include": "no_face"
        },
        {
          "include": "too_many_faces"
        },
        {
          "include": "not_central_x_left"
        },
        {
          "include": "not_central_x_right"
        },
        {
          "include": "not_central_y_up"
        },
        {
          "include": "not_central_y_down"
        },
        {
          "include": "too_close"
        },
        {
          "include": "too_far"
        },
        {
          "include": "not_frontal_left"
        },
        {
          "include": "not_frontal_right"
        },
        {
          "include": "not_frontal_up"
        },
        {
          "include": "not_frontal_down"
        },
        {
          "include": "bright_background"
        },
        {
          "include": "object_on_face"
        },
        {
          "include": "nonuniform_lighting"
        },
        {
          "include": "underexposed_face"
        },
        {
          "include": "face_brightness"
        },
        {
          "include": "overexposed_face"
        },
        {
          "output": [
            "sharpness"
          ],
          "transformation": [
            "ident"
          ],
          "operator": "<",
          "threshold": 0.0625,
          "message_key": "blur",
          "animation_key": "none"
        },
        {
          "output": [
            "blink"
          ],
          "transformation": [
            "ident"
          ],
          "operator": ">",
          "threshold": 0.7,
          "sub_rules": [
            {
              "output": [
                "captured[light_exposure].transformed[weighted_mean]"
              ],
              "transformation": [
                "ident"
              ],
              "operator": "<",
              "threshold": 0.35,
              "message_key": "blink_or_underexposed_face",
              "animation_key": "none"
            }
          ],
          "message_key": "blink",
          "animation_key": "open_eyes"
        },
        {
          "include": "low_confidence"
        }
      ],
      "actions": {
        "positive": [
          "callback[message]",
          "callback[delete_if_no_face]",
          "callback[flare_if_no_face_and_dark]"
        ],
        "negative": [
          "callback[start_capture]",
          "callback[save_last_frame]"
        ]
      }
    },
    "reset": {
      "union_operation": "or",
      "rules": [
        {
          "include": "no_face"
        },
        {
          "include": "too_many_faces"
        },
        {
          "include": "not_central_x_left"
        },
        {
          "include": "not_central_x_right"
        },
        {
          "include": "not_central_y_up"
        },
        {
          "include": "not_central_y_down"
        },
        {
          "include": "too_close"
        },
        {
          "include": "too_far"
        },
        {
          "include": "not_frontal_left"
        },
        {
          "include": "not_frontal_right"
        },
        {
          "include": "not_frontal_up"
        },
        {
          "include": "not_frontal_down"
        },
        {
          "include": "bright_background"
        },
        {
          "include": "object_on_face"
        },
        {
          "include": "nonuniform_lighting"
        },
        {
          "include": "underexposed_face"
        },
        {
          "include": "face_brightness"
        },
        {
          "include": "overexposed_face"
        },
        {
          "include": "blur"
        },
        {
          "include": "reset_blink"
        }
      ],
      "actions": {
        "positive": [
          "callback[return_saved_frame]"
        ],
        "negative": [
          "callback[check_gesture]"
        ]
      }
    },
    "gesture": {
      "union_operation": "and",
      "rules": [
        {
          "output": [
            "confidence",
            "captured[confidence].transformed[max]"
          ],
          "transformation": [
            "diff"
          ],
          "operator": ">=",
          "threshold": 0.0,
          "message_key": "one_shot_success"
        },
        {
          "output": [
            "blink"
          ],
          "transformation": [
            "ident"
          ],
          "operator": "<",
          "threshold": 0.7,
          "message_key": "one_shot_success"
        },
        {
          "output": [
            "sharpness"
          ],
          "transformation": [
            "ident"
          ],
          "operator": ">=",
          "threshold": 0.125,
          "message_key": "one_shot_success"
        },
        {
          "output": [
            "object"
          ],
          "transformation": [
            "ident"
          ],
          "operator": "<",
          "threshold": 0.5,
          "message_key": "one_shot_success"
        }
      ],
      "actions": {
        "positive": [
          "callback[gesture_success]"
        ],
        "negative": [
          "callback[if_time_limit_return_saved_frame]"
        ]
      }
    }
  },
  "capture": [
    {
      "output": "bounding_box_center_x_deviation",
      "length": 5,
      "insert_policy": "append",
      "transformation": [
        "weighted_mean"
      ]
    },
    {
      "output": "bounding_box_center_y_deviation",
      "length": 5,
      "insert_policy": "append",
      "transformation": [
        "weighted_mean"
      ]
    },
    {
      "output": "bounding_box_height_relative",
      "length": 5,
      "insert_policy": "append",
      "transformation": [
        "weighted_mean"
      ]
    },
    {
      "output": "left_right",
      "length": 5,
      "insert_policy": "append",
      "transformation": [
        "weighted_mean"
      ]
    },
    {
      "output": "up_down",
      "length": 5,
      "insert_policy": "append",
      "transformation": [
        "weighted_mean"
      ]
    },
    {
      "output": "light_lighting",
      "length": 5,
      "insert_policy": "append",
      "transformation": [
        "weighted_mean"
      ]
    },
    {
      "output": "light_exposure",
      "length": 5,
      "insert_policy": "append",
      "transformation": [
        "weighted_mean"
      ]
    },
    {
      "output": "light_background",
      "length": 5,
      "insert_policy": "append",
      "transformation": [
        "weighted_mean"
      ]
    },
    {
      "output": "object",
      "length": 5,
      "insert_policy": "append",
      "transformation": [
        "weighted_mean"
      ]
    },
    {
      "output": "blink",
      "length": 10,
      "insert_policy": "append",
      "transformation": [
        "weighted_mean",
        "mean"
      ]
    },
    {
      "output": "confidence",
      "insert_policy": "append",
      "transformation": [
        "max"
      ]
    }
  ]
}
