{
  "_comments": "Правила для жеста smile",
  "action": "smile",
  "constants": [
    {
      "name": "frame",
      "value": {
        "front_camera": 0.75,
        "rear_camera": 0.55
      }
    },
    {
      "name": "height_factor",
      "value": 1.6
    },
    {
      "name": "y_factor",
      "value": 0.175
    }
  ],
  "callbacks": [
    "message",
    "delete_if_no_face",
    "flare_if_no_face_and_dark",
    "start_capture",
    "restart",
    "check_gesture",
    "gesture_success",
    "nothing_to_do"
  ],
  "stages": {
    "start": {
      "union_operation": "or",
      "rules": [
        {
          "include": "no_face"
        },
        {
          "include": "too_many_faces"
        },
        {
          "include": "not_central_x_left"
        },
        {
          "include": "not_central_x_right"
        },
        {
          "include": "not_central_y_up"
        },
        {
          "include": "not_central_y_down"
        },
        {
          "include": "too_close"
        },
        {
          "include": "too_far"
        },
        {
          "include": "not_frontal_left"
        },
        {
          "include": "not_frontal_right"
        },
        {
          "include": "not_frontal_up"
        },
        {
          "include": "not_frontal_down"
        },
        {
          "include": "bright_background"
        },
        {
          "include": "object_on_face"
        },
        {
          "include": "nonuniform_lighting"
        },
        {
          "include": "underexposed_face"
        },
        {
          "include": "face_brightness"
        },
        {
          "include": "overexposed_face"
        },
        {
          "include": "blur"
        },
        {
          "include": "blink"
        },
        {
          "output": [
            "smile",
            "captured[smile].transformed[weighted_mean]"
          ],
          "transformation": [
            "max"
          ],
          "operator": ">",
          "threshold": 0.3,
          "message_key": "smile_later",
          "animation_key": "no_smile"
        },
        {
          "include": "low_confidence"
        }
      ],
      "actions": {
        "positive": [
          "callback[message]",
          "callback[delete_if_no_face]",
          "callback[flare_if_no_face_and_dark]"
        ],
        "negative": [
          "callback[start_capture]"
        ]
      }
    },
    "reset": {
      "union_operation": "or",
      "rules": [
        {
          "include": "no_face"
        },
        {
          "include": "too_many_faces"
        },
        {
          "include": "reset_not_central_x_left"
        },
        {
          "include": "reset_not_central_x_right"
        },
        {
          "include": "reset_not_central_y_up"
        },
        {
          "include": "reset_not_central_y_down"
        },
        {
          "include": "reset_too_close"
        },
        {
          "include": "reset_too_far"
        },
        {
          "include": "reset_not_frontal_left"
        },
        {
          "include": "reset_not_frontal_right"
        },
        {
          "include": "reset_not_frontal_up"
        },
        {
          "include": "reset_not_frontal_down"
        },
        {
          "include": "reset_bright_background"
        },
        {
          "include": "reset_object_on_face"
        },
        {
          "include": "reset_nonuniform_lighting"
        },
        {
          "include": "reset_underexposed_face"
        },
        {
          "include": "face_brightness"
        },
        {
          "include": "reset_overexposed_face"
        },
        {
          "include": "blur"
        }
      ],
      "actions": {
        "positive": [
          "callback[message]",
          "callback[restart]",
          "callback[delete_if_no_face]",
          "callback[flare_if_no_face_and_dark]"
        ],
        "negative": [
          "callback[check_gesture]"
        ]
      }
    },
    "gesture": {
      "union_operation": "and",
      "rules": [
        {
          "output": [
            "captured[smile].transformed[weighted_mean]"
          ],
          "transformation": [
            "ident"
          ],
          "operator": ">=",
          "threshold": 0.55,
          "message_key": "smile_success"
        }
      ],
      "actions": {
        "positive": [
          "callback[gesture_success]"
        ],
        "negative": [
          "callback[nothing_to_do]"
        ]
      }
    }
  },
  "capture": [
    {
      "output": "bounding_box_center_x_deviation",
      "length": 7,
      "insert_policy": "append",
      "transformation": [
        "weighted_mean"
      ]
    },
    {
      "output": "bounding_box_center_y_deviation",
      "length": 7,
      "insert_policy": "append",
      "transformation": [
        "weighted_mean"
      ]
    },
    {
      "output": "bounding_box_height_relative",
      "length": 7,
      "insert_policy": "append",
      "transformation": [
        "weighted_mean"
      ]
    },
    {
      "output": "left_right",
      "length": 10,
      "insert_policy": "append",
      "transformation": [
        "weighted_mean"
      ]
    },
    {
      "output": "up_down",
      "length": 10,
      "insert_policy": "append",
      "transformation": [
        "weighted_mean"
      ]
    },
    {
      "output": "light_lighting",
      "length": 7,
      "insert_policy": "append",
      "transformation": [
        "weighted_mean"
      ]
    },
    {
      "output": "light_exposure",
      "length": 7,
      "insert_policy": "append",
      "transformation": [
        "weighted_mean"
      ]
    },
    {
      "output": "light_background",
      "length": 7,
      "insert_policy": "append",
      "transformation": [
        "weighted_mean"
      ]
    },
    {
      "output": "object",
      "length": 7,
      "insert_policy": "append",
      "transformation": [
        "weighted_mean"
      ]
    },
    {
      "output": "smile",
      "length": 10,
      "insert_policy": "append",
      "transformation": [
        "weighted_mean"
      ]
    },
    {
      "output": "blink",
      "length": 10,
      "insert_policy": "append",
      "transformation": [
        "weighted_mean",
        "mean"
      ]
    }
  ]
}
