{
  "output": [
    "captured[blink].transformed[weighted_mean]"
  ],
  "transformation": [
    "ident"
  ],
  "operator": ">",
  "threshold": 0.9,
  "sub_rules": [
    {
      "output": [
        "captured[light_exposure].transformed[weighted_mean]"
      ],
      "transformation": [
        "ident"
      ],
      "operator": "<",
      "threshold": 0.35,
      "message_key": "blink_or_underexposed_face",
      "animation_key": "none"
    }
  ],
  "message_key": "blink",
  "animation_key": "open_eyes"
}