{
  "output": [
    "captured[object].transformed[weighted_mean]"
  ],
  "transformation": [
    "ident"
  ],
  "operator": ">",
  "threshold": 0.7,
  "sub_rules": [
    {
      "output": [
        "captured[light_exposure].transformed[weighted_mean]"
      ],
      "transformation": [
        "ident"
      ],
      "operator": "<",
      "threshold": 0.3,
      "message_key": "object_or_underexposed_face",
      "animation_key": "light_on"
    },
    {
      "output": [
        "captured[light_exposure].transformed[weighted_mean]"
      ],
      "transformation": [
        "ident"
      ],
      "operator": ">",
      "threshold": 0.8,
      "message_key": "object_or_overexposed_face",
      "animation_key": "light_off"
    },
    {
      "output": [
        "captured[light_lighting].transformed[weighted_mean]"
      ],
      "transformation": [
        "ident"
      ],
      "operator": ">",
      "threshold": 0.9,
      "message_key": "object_or_light_or_shadow_on_face",
      "animation_key": "light_on"
    },
    {
      "output": [
        "captured[light_lighting].transformed[weighted_mean]",
        "captured[object].transformed[weighted_mean]"
      ],
      "transformation": [
        "diff"
      ],
      "operator": ">",
      "threshold": 0.0,
      "message_key": "object_or_light_or_shadow_on_face",
      "animation_key": "light_on"
    },
    {
      "output": [
        "sharpness"
      ],
      "transformation": [
        "ident"
      ],
      "operator": "<=",
      "threshold": 0.0625,
      "message_key": "object_or_blur",
      "animation_key": "light_on"
    }
  ],
  "message_key": "object_on_face",
  "animation_key": "occlusion"
}