{
  "output": [
    "confidence"
  ],
  "transformation": [
    "ident"
  ],
  "operator": "<",
  "threshold": 0.25,
  "sub_rules": [
    {
      "output": [
        "captured[light_background].transformed[weighted_mean]"
      ],
      "transformation": [
        "ident"
      ],
      "operator": ">",
      "threshold": 0.9,
      "message_key": "bright_background",
      "animation_key": "light_off"
    },
    {
      "output": [
        "captured[light_exposure].transformed[weighted_mean]"
      ],
      "transformation": [
        "ident"
      ],
      "operator": ">",
      "threshold": 0.8,
      "message_key": "overexposed_face",
      "animation_key": "light_off"
    },
    {
      "output": [
        "captured[light_exposure].transformed[weighted_mean]"
      ],
      "transformation": [
        "ident"
      ],
      "operator": "<",
      "threshold": 0.35,
      "message_key": "underexposed_face",
      "animation_key": "light_on"
    },
    {
      "output": [
        "captured[light_lighting].transformed[weighted_mean]"
      ],
      "transformation": [
        "ident"
      ],
      "operator": ">",
      "threshold": 0.85,
      "message_key": "nonuniform_lighting",
      "animation_key": "light_off"
    },
    {
      "output": [
        "captured[light_background].transformed[weighted_mean]"
      ],
      "transformation": [
        "ident"
      ],
      "operator": "<",
      "threshold": 0.2,
      "message_key": "dark_background",
      "animation_key": "light_on"
    },
    {
      "output": [
        "blink"
      ],
      "transformation": [
        "ident"
      ],
      "operator": ">",
      "threshold": 0.7,
      "message_key": "blink",
      "animation_key": "open_eyes"
    },
    {
      "output": [
        "sharpness"
      ],
      "transformation": [
        "ident"
      ],
      "operator": "<",
      "threshold": 0.125,
      "message_key": "blur",
      "animation_key": "none"
    }
  ],
  "message_key": "low_confidence",
  "animation_key": "none"
}