{
  "output": [
    "captured[light_exposure].transformed[weighted_mean]"
  ],
  "transformation": [
    "ident"
  ],
  "operator": ">",
  "threshold": 0.9,
  "sub_rules": [
    {
      "output": [
        "captured[light_background].transformed[weighted_mean]"
      ],
      "transformation": [
        "ident"
      ],
      "operator": "<",
      "threshold": 0.1,
      "message_key": "overexposed_face_and_dark_background",
      "animation_key": "light_off"
    }
  ],
  "message_key": "overexposed_face",
  "animation_key": "light_off"
}